category,sub_category,configuration,created_at
Residential,Apartment,,2024-11-28 13:51:27.711275
Residential,Apartment,,2024-11-28 13:51:27.711275
Residential,Apartment,,2024-11-28 13:51:27.711275
Residential,Apartment,,2024-11-28 13:51:27.712276
Residential,Apartment,,2024-11-28 13:51:27.712276
Residential,Apartment,,2024-11-28 13:51:27.713275
Residential,Apartment,,2024-11-28 13:51:27.713275
Residential,Apartment,,2024-11-28 13:51:27.713275
Residential,Apartment,,2024-11-28 13:51:27.714329
Residential,Apartment,,2024-11-28 13:51:27.714329
Residential,Apartment,,2024-11-28 13:51:27.714329
Residential,Apartment,,2024-11-28 13:51:27.715334
Residential,Apartment,,2024-11-28 13:51:27.715334
Residential,Apartment,,2024-11-28 13:51:27.716331
Residential,Apartment,,2024-11-28 13:51:27.716331
Residential,Apartment,,2024-11-28 13:51:27.716331
Residential,Apartment,,2024-11-28 13:51:27.716331
Residential,Apartment,,2024-11-28 13:51:27.717339
Residential,Apartment,,2024-11-28 13:51:27.717339
Residential,Apartment,,2024-11-28 13:51:27.717339
Residential,Apartment,,2024-11-28 13:51:27.718344
Residential,Apartment,,2024-11-28 13:51:27.718344
Residential,Apartment,,2024-11-28 13:51:27.718344
Residential,Apartment,,2024-11-28 13:51:27.719468
Residential,Apartment,,2024-11-28 13:51:27.719468
Residential,Apartment,,2024-11-28 13:51:27.719468
Residential,Apartment,,2024-11-28 13:51:27.719468
Residential,Apartment,,2024-11-28 13:51:27.720654
Residential,Apartment,,2024-11-28 13:51:27.720654
Residential,Apartment,,2024-11-28 13:51:27.720654
Residential,Apartment,,2024-11-28 13:51:41.929533
Residential,Apartment,,2024-11-28 13:51:41.929533
Residential,Apartment,,2024-11-28 13:51:41.930036
Residential,Apartment,,2024-11-28 13:51:41.930036
Residential,Apartment,,2024-11-28 13:51:41.931040
Residential,Apartment,,2024-11-28 13:51:41.931040
Residential,Apartment,,2024-11-28 13:51:41.932044
Residential,Apartment,,2024-11-28 13:51:41.932044
Residential,Apartment,,2024-11-28 13:51:41.933042
Residential,Apartment,,2024-11-28 13:51:41.933042
Residential,Apartment,,2024-11-28 13:51:41.933042
Residential,Apartment,,2024-11-28 13:51:41.933042
Residential,Apartment,,2024-11-28 13:51:41.934258
Residential,Apartment,,2024-11-28 13:51:41.934258
Residential,Apartment,,2024-11-28 13:51:41.934762
Residential,Apartment,,2024-11-28 13:51:41.934762
Residential,Apartment,,2024-11-28 13:51:41.934762
Residential,Apartment,,2024-11-28 13:51:41.935767
Residential,Apartment,,2024-11-28 13:51:41.935767
Residential,Apartment,,2024-11-28 13:51:41.935767
Residential,Apartment,,2024-11-28 13:51:41.935767
Residential,Apartment,,2024-11-28 13:51:41.935767
Residential,Apartment,,2024-11-28 13:51:41.937270
Residential,Apartment,,2024-11-28 13:51:41.937270
Residential,Apartment,,2024-11-28 13:51:41.937270
Residential,Apartment,,2024-11-28 13:51:41.938279
Residential,Apartment,,2024-11-28 13:51:41.938279
Residential,Apartment,,2024-11-28 13:51:41.938279
Residential,Apartment,,2024-11-28 13:51:41.939247
Residential,Apartment,,2024-11-28 13:51:41.939247
Residential,Apartment,,2024-11-28 13:51:45.415670
Residential,Apartment,,2024-11-28 13:51:45.415670
Residential,Apartment,,2024-11-28 13:51:45.415670
Residential,Apartment,,2024-11-28 13:51:45.416675
Residential,Apartment,,2024-11-28 13:51:45.416675
Residential,Apartment,,2024-11-28 13:51:45.416675
Residential,Apartment,,2024-11-28 13:51:45.417679
Residential,Apartment,,2024-11-28 13:51:45.417679
Residential,Apartment,,2024-11-28 13:51:45.418184
Residential,Apartment,,2024-11-28 13:51:45.418184
Residential,Apartment,,2024-11-28 13:51:45.418184
Residential,Apartment,,2024-11-28 13:51:45.419190
Residential,Apartment,,2024-11-28 13:51:45.419190
Residential,Apartment,,2024-11-28 13:51:45.419190
Residential,Apartment,,2024-11-28 13:51:45.420191
Residential,Apartment,,2024-11-28 13:51:45.420191
Residential,Apartment,,2024-11-28 13:51:45.420191
Residential,Apartment,,2024-11-28 13:51:45.421189
Residential,Apartment,,2024-11-28 13:51:45.421189
Residential,Apartment,,2024-11-28 13:51:45.421189
Residential,Apartment,,2024-11-28 13:51:45.422189
Residential,Apartment,,2024-11-28 13:51:45.422189
Residential,Apartment,,2024-11-28 13:51:45.422189
Residential,Apartment,,2024-11-28 13:51:45.423195
Residential,Apartment,,2024-11-28 13:51:45.423195
Residential,Apartment,,2024-11-28 13:51:45.423195
Residential,Apartment,,2024-11-28 13:51:45.424191
Residential,Apartment,,2024-11-28 13:51:45.424191
Residential,Apartment,,2024-11-28 13:51:45.424191
Residential,Apartment,,2024-11-28 13:51:45.425189
Residential,Apartment,,2024-11-28 13:51:56.289822
Residential,Apartment,,2024-11-28 13:51:56.289822
Residential,Apartment,,2024-11-28 13:51:56.289822
Residential,Apartment,,2024-11-28 13:51:56.290818
Residential,Apartment,,2024-11-28 13:51:56.290818
Residential,Apartment,,2024-11-28 13:51:56.290818
Residential,Apartment,,2024-11-28 13:51:56.290818
Residential,Apartment,,2024-11-28 13:51:56.292322
Residential,Apartment,,2024-11-28 13:51:56.292322
Residential,Apartment,,2024-11-28 13:51:56.292322
Residential,Apartment,,2024-11-28 13:51:56.293329
Residential,Apartment,,2024-11-28 13:51:56.293329
Residential,Apartment,,2024-11-28 13:51:56.293329
Residential,Apartment,,2024-11-28 13:51:56.294327
Residential,Apartment,,2024-11-28 13:51:56.294327
Residential,Apartment,,2024-11-28 13:51:56.294327
Residential,Apartment,,2024-11-28 13:51:56.295579
Residential,Apartment,,2024-11-28 13:51:56.295579
Residential,Apartment,,2024-11-28 13:51:56.295579
Residential,Apartment,,2024-11-28 13:51:56.296585
Residential,Apartment,,2024-11-28 13:51:56.296585
Residential,Apartment,,2024-11-28 13:51:56.296585
Residential,Apartment,,2024-11-28 13:51:56.297584
Residential,Apartment,,2024-11-28 13:51:56.298089
Residential,Apartment,,2024-11-28 13:51:56.298089
Residential,Apartment,,2024-11-28 13:51:56.298593
Residential,Apartment,,2024-11-28 13:51:56.298593
Residential,Apartment,,2024-11-28 13:51:56.298593
Residential,Apartment,,2024-11-28 13:51:56.299598
Residential,Apartment,,2024-11-28 13:51:56.299598
Residential,Apartment,,2024-11-28 13:52:12.990650
Residential,Apartment,,2024-11-28 13:52:12.990650
Residential,Apartment,,2024-11-28 13:52:12.990650
Residential,Apartment,,2024-11-28 13:52:12.992398
Residential,Apartment,,2024-11-28 13:52:12.992398
Residential,Apartment,,2024-11-28 13:52:12.992398
Residential,Apartment,,2024-11-28 13:52:12.993702
Residential,Apartment,,2024-11-28 13:52:12.994206
Residential,Apartment,,2024-11-28 13:52:12.994206
Residential,Apartment,,2024-11-28 13:52:12.994206
Residential,Apartment,,2024-11-28 13:52:12.994206
Residential,Apartment,,2024-11-28 13:52:12.994206
Residential,Apartment,,2024-11-28 13:52:12.994206
Residential,Apartment,,2024-11-28 13:52:12.994206
Residential,Apartment,,2024-11-28 13:52:12.994206
Residential,Apartment,,2024-11-28 13:52:12.997709
Residential,Apartment,,2024-11-28 13:52:12.997709
Residential,Apartment,,2024-11-28 13:52:12.998223
Residential,Apartment,,2024-11-28 13:52:12.998223
Residential,Apartment,,2024-11-28 13:52:12.999338
Residential,Apartment,,2024-11-28 13:52:12.999338
Residential,Apartment,,2024-11-28 13:52:12.999338
Residential,Apartment,,2024-11-28 13:52:12.999338
Residential,Apartment,,2024-11-28 13:52:13.000868
Residential,Apartment,,2024-11-28 13:52:13.000868
Residential,Apartment,,2024-11-28 13:52:13.001889
Residential,Apartment,,2024-11-28 13:52:13.001889
Residential,Apartment,,2024-11-28 13:52:13.001889
Residential,Apartment,,2024-11-28 13:52:13.001889
Residential,Apartment,,2024-11-28 13:52:13.001889
Residential,Apartment,,2024-11-28 13:52:22.101791
Residential,Apartment,,2024-11-28 13:52:22.101791
Residential,Apartment,,2024-11-28 13:52:22.102821
Residential,Apartment,,2024-11-28 13:52:22.102821
Residential,Apartment,,2024-11-28 13:52:22.102821
Residential,Apartment,,2024-11-28 13:52:22.103829
Residential,Apartment,,2024-11-28 13:52:22.103829
Residential,Apartment,,2024-11-28 13:52:22.103829
Residential,Apartment,,2024-11-28 13:52:22.104860
Residential,Apartment,,2024-11-28 13:52:22.105369
Residential,Apartment,,2024-11-28 13:52:22.105369
Residential,Apartment,,2024-11-28 13:52:22.105369
Residential,Apartment,,2024-11-28 13:52:22.106374
Residential,Apartment,,2024-11-28 13:52:22.106374
Residential,Apartment,,2024-11-28 13:52:22.106374
Residential,Apartment,,2024-11-28 13:52:22.107379
Residential,Apartment,,2024-11-28 13:52:22.107883
Residential,Apartment,,2024-11-28 13:52:22.107883
Residential,Apartment,,2024-11-28 13:52:22.108421
Residential,Apartment,,2024-11-28 13:52:22.108421
Residential,Apartment,,2024-11-28 13:52:22.108421
Residential,Apartment,,2024-11-28 13:52:22.109358
Residential,Apartment,,2024-11-28 13:52:22.109875
Residential,Apartment,,2024-11-28 13:52:22.109875
Residential,Apartment,,2024-11-28 13:52:22.109875
Residential,Apartment,,2024-11-28 13:52:22.110880
Residential,Apartment,,2024-11-28 13:52:22.110880
Residential,Apartment,,2024-11-28 13:52:22.110880
Residential,Apartment,,2024-11-28 13:52:22.111880
Residential,Apartment,,2024-11-28 13:52:22.111880
Residential,Apartment,,2024-11-28 13:52:30.307436
Residential,Apartment,,2024-11-28 13:52:30.307436
Residential,Apartment,,2024-11-28 13:52:30.308443
Residential,Apartment,,2024-11-28 13:52:30.308443
Residential,Apartment,,2024-11-28 13:52:30.308952
Residential,Apartment,,2024-11-28 13:52:30.308952
Residential,Apartment,,2024-11-28 13:52:30.308952
Residential,Apartment,,2024-11-28 13:52:30.309957
Residential,Apartment,,2024-11-28 13:52:30.309957
Residential,Apartment,,2024-11-28 13:52:30.309957
Residential,Apartment,,2024-11-28 13:52:30.310956
Residential,Apartment,,2024-11-28 13:52:30.310956
Residential,Apartment,,2024-11-28 13:52:30.310956
Residential,Apartment,,2024-11-28 13:52:30.311956
Residential,Apartment,,2024-11-28 13:52:30.311956
Residential,Apartment,,2024-11-28 13:52:30.311956
Residential,Apartment,,2024-11-28 13:52:30.312956
Residential,Apartment,,2024-11-28 13:52:30.313461
Residential,Apartment,,2024-11-28 13:52:30.313461
Residential,Apartment,,2024-11-28 13:52:30.313461
Residential,Apartment,,2024-11-28 13:52:30.314466
Residential,Apartment,,2024-11-28 13:52:30.314466
Residential,Apartment,,2024-11-28 13:52:30.314466
Residential,Apartment,,2024-11-28 13:52:30.315466
Residential,Apartment,,2024-11-28 13:52:30.315466
Residential,Apartment,,2024-11-28 13:52:30.315466
Residential,Apartment,,2024-11-28 13:52:30.316466
Residential,Apartment,,2024-11-28 13:52:30.316466
Residential,Apartment,,2024-11-28 13:52:30.316466
Residential,Apartment,,2024-11-28 13:52:30.317466
